jsonPrefix,formula,LFL_1600,UFL_1600
7ba71c46,CH4,5.01804008075974,21.867895545314887
